carId,carType,carModel,carYear
1GD02ZCGXDF501385,Chevrolet,Sportvan G30,1992
1N6AD0CU3AC551673,Ford,Mustang,1965
1FTSW2A51AE584424,Mitsubishi,Galant,1986
1G6DL67A680451443,Pontiac,Torrent,2009
1GD020CG2CF273537,Mitsubishi,Mirage,1989
JHMZE2H36BS492834,Plymouth,Reliant,1981
WAUAF78E67A344316,Jensen,Interceptor,1966
2D4RN3DG9BR929035,Cadillac,XLR,2009
1G6DH8E59C0647520,Ford,Five Hundred,2006
3GYFNFE3XES810439,Chevrolet,Corvette,1992
KNAFT4A29B5398997,GMC,Envoy,2007
WBAYM9C53DD223843,Dodge,Ram Van B350,1993
1GD11ZCG9DF233713,Dodge,Caliber,2010
5J6TF1H57FL261032,Land Rover,Defender Ice Edition,2010
JM3TB2MA9A0885569,Cadillac,SRX,2010
1FTSX2A50AE388827,Honda,Element,2010
1G6DN57U560082151,Saturn,Relay,2005
WDDLJ6HB5FA195895,Cadillac,STS,2005
WAUJT58E22A821832,Maserati,Quattroporte,1985
WBAEN33413P270855,Cadillac,Sixty Special,1993
WBS3U9C58FP692479,Geo,Metro,1996
3FA6P0D9XDR456274,Suzuki,XL7,2007
1N6AA0CJ7FN119937,MINI,Cooper Clubman,2010
3GYEK63N53G111034,Honda,Civic,2003
5TDBY5G11ES353395,Ford,LTD Crown Victoria,1993
JN1BJ0HP8DM571938,Toyota,Sienna,1999
SALCP2BG1FH973681,Daewoo,Lanos,2000
WDCGG0EB5EG788335,Honda,Passport,1995
3C3CFFJH8ET430960,Volvo,S60,2006
3D73M4EL8BG598709,Scion,xD,2012
SALSF2D41BA458989,BMW,5 Series,1995
WBAVA33518F246444,Volvo,XC70,2006
WAUKFBFL4AA076947,Hyundai,Azera,2009
5UXFA93505L059766,Toyota,Tacoma,2001
1GKS1FFJ9BR331087,Subaru,Legacy,2002
5UXFA53542L452433,Acura,CL,2001
SALGS2TF6FA425335,Audi,A4,2010
1GKMCCE38AR916620,Volvo,C70,2006
55SWF4JB8FU513439,Mercedes-Benz,G-Class,2002
WDDJK7DA7FF917491,Mercury,Mystique,2000
JN8AZ2KR1ET360194,Plymouth,Breeze,2000
KNADM5A39D6997415,Dodge,Caravan,2010
WAUHFAFL5DA091224,Suzuki,Grand Vitara,2005
WBAPK5C52BF907911,Geo,Metro,1994
WAUEL94F06N258284,Cadillac,STS-V,2006
JTEBU4BF1BK924844,Chevrolet,Suburban 2500,2001
JN8AE2KP3F9245914,Lexus,SC,2007
1G6AT5SX6E0859560,Land Rover,Discovery,1998
WBANV13588B075790,Nissan,300ZX,1992
JH4KC1F59EC973469,Volvo,XC70,2011
1G6D05EG0A0620730,Volvo,C70,2000
WA1TFAFL2EA453082,Mitsubishi,Pajero,2001
JH4CL96918C174358,Audi,Cabriolet,1994
1D7CW3GK4AS174735,Pontiac,Grand Prix,1991
WAUFFAFM5CA499561,Nissan,GT-R,2009
1FTEX1C89AF764319,Infiniti,G,2012
3GYFK66N46G749635,BMW,7 Series,1994
WAUGFBFC9EN492688,Toyota,Sienna,2012
KNALN4D70E5401827,Lamborghini,Gallardo,2004
WAUFEAFM9BA183002,Chrysler,Town & Country,2003
3D73M3CL6BG543012,MINI,Cooper,2002
JN1AZ4EH9CM928308,Pontiac,Grand Prix,1996
WBAYM9C51DD449010,GMC,Savana 3500,2011
1G6AB5S34D0684790,BMW,5 Series,2010
1B3CB4HA2AD747820,GMC,Sierra 2500,2004
WAUMF68P26A918305,GMC,Yukon XL 2500,2000
1FA6P0G73F5458044,Mazda,MX-5,2008
1GYS4FEJ7BR598971,Chrysler,Concorde,1999
WBAWL13579P424534,Lotus,Esprit,1991
JN1CY0AP4AM313616,Ford,LTD Crown Victoria,1991
2C3CCAKT5CH900866,BMW,M3,2003
1G6AF5S38E0820764,Pontiac,Torrent,2006
WBADW7C53DE576106,Hyundai,Sonata,1998
1VWAS7A30FC530408,Mazda,RX-8,2006
2G4GN5EC4B9382425,Ford,Aerostar,1997
WBABN33423P576384,Dodge,Intrepid,2004
WBAHL03556D603431,Toyota,RAV4,2009
WBASP4C52AC132368,GMC,Suburban 2500,1999
SCFLDCFP8EG787996,Saab,9-3,2000
1GT01ZCG2CF336647,BMW,3 Series,1999
3C4PDCAB6ET563987,Volkswagen,Passat,1991
2HNYD2H29AH602279,BMW,7 Series,2012
WBALW3C58CC832268,Mazda,Mazda2,2011
1G6DV5EP4E0499465,Nissan,Titan,2011
YV1672MC3CJ298154,Buick,Century,1998
1HGCR2E56FA798737,Cadillac,CTS,2005
1G6YV36A975977336,Mercedes-Benz,SL-Class,2008
WBAVC53588F604175,Mazda,B-Series Plus,2000
5J8TB1H26CA512851,Buick,Riviera,1996
1GD22ZCGXCZ807153,Jeep,Wrangler,2002
WAUGL58E45A052278,Jeep,Cherokee,1999
2G61V5S35D9819546,Mercury,Grand Marquis,1997
WAUXG74F69N041635,Lexus,LX,2009
JTHBE1KSXB0287976,Porsche,911,1998
WAUAT48H65K637030,Suzuki,SJ,1987
5UXFG2C58BL990825,Buick,Century,1990
5XXGM4A76EG239435,Dodge,Dakota Club,2005
1G4CU541744607766,Lincoln,Continental Mark VII,1987
SCFFDAAM3DG619969,Mercedes-Benz,300TE,1993
JTDKTUD37DD441375,Nissan,Xterra,2009
SCBZB25E91C533419,Chevrolet,Silverado 2500,2000
WAUEH98E48A185482,Hummer,H2 SUT,2006
1FTEW1C89FK457556,Acura,NSX,2002
WP0CB2A80FK536242,Toyota,Previa,1993
3CZRE3H38BG117245,Ford,Explorer Sport Trac,2006
WBAVB73527K276420,GMC,Safari,2004
WBAYF4C54DD973085,Hyundai,Elantra,1995
WAUGU44D33N625794,Saab,9-7X,2005
1G6DA1E35D0108419,Mitsubishi,Expo,1993
JTJBM7FX6E5662487,Isuzu,Amigo,2000
3N1CE2CP3EL687880,Nissan,JUKE,2011
WAUNE78PX8A504754,Ford,Bronco,1987
JN8CS1MU0DM612518,Chevrolet,Aveo,2009
4USDU53457L266893,Pontiac,Grand Prix,1982
WAU2GAFC3DN873629,Ram,3500,2012
WVGDP9BP9ED843671,Ford,Country,1967
3VWC17AU0FM360067,Lincoln,Aviator,2003
WAUSG94F89N468501,Lexus,LS,1992
WAUVT58E95A461738,Lotus,Esprit,1985
SCBEC9ZA7FC199944,Eagle,Vision,1993
4A31K2DF8AE598185,Lotus,Elise,2005
WAULT64B84N389219,Chrysler,Sebring,2004
1D4PT6GX9AW949575,Mercedes-Benz,SLS-Class,2011
WBALZ3C57CC533846,Volkswagen,GTI,2003
1D7CW5GK1AS481937,Toyota,RAV4,2002
5FRYD4H43GB617876,Toyota,Celica,1993
WAUYGAFC8CN363902,Ford,Thunderbird,2004
3D73Y3HL7BG455700,GMC,Sierra 3500,2012
2G61P5S35E9258499,Honda,Accord,1996
WAULC68E95A080453,Volvo,S60,2009
WAUML54B82N282120,Geo,Tracker,1994
WBANA73574B355788,Chevrolet,Suburban,2006
NM0KS9BN8BT416876,GMC,Rally Wagon 2500,1993
SCBCU7ZA1AC443069,Audi,S5,2010
JM1NC2PF5F0727551,Buick,Skylark,1989
3D4PG9FV3AT547899,Chevrolet,SSR,2006
JTHBW1GG7D2027981,Mercedes-Benz,Sprinter 3500,2012
5N1AN0NU5EN064350,Pontiac,Bonneville,1966
3N1BC1AP9BL684976,Toyota,Tacoma,2009
3D73M4CL5BG159695,Isuzu,Amigo,1992
3VW1K7AJ4CM352981,Toyota,Camry,1999
1G6DM57T260884361,Mazda,Mazda3,2010
WP1AA2AP0AL743388,Mazda,929,1993
5XYKT3A16BG949073,Ford,Club Wagon,1996
1FTEW1C88AK473143,Lamborghini,Aventador,2012
WBAAN37471N798465,Infiniti,J,1994
KM8JT3AB5BU001049,Ford,Ranger,1986
JN8AZ2KR6DT768639,Volvo,S80,2009
1D7RV1CT9BS238592,GMC,Envoy,2003
JN1AZ4EH4FM149452,Dodge,Aspen,1976
WBABV13425J541614,Plymouth,Acclaim,1992
5N1AN0NU5EN647906,Infiniti,QX,2005
WA1KK98R19A979863,Pontiac,Torrent,2006
3D73M3HL4BG176720,Chevrolet,1500,1997
1G6DK5E3XD0159211,Ford,Aerostar,1989
SAJWA0FA1AH776309,Mitsubishi,Eclipse,1990
KNAGM4AD0F5487205,Toyota,Prius,2005
5FRYD3H4XGB103260,Daewoo,Lanos,2000
WAUSG74F99N351918,Chevrolet,Uplander,2007
YV140MEB9F1117334,Mazda,B-Series,1990
1G6KD57Y08U636608,Cadillac,XLR-V,2009
WAUKG68E45A507750,Jeep,Liberty,2008
3FAHP0JA0AR725515,Ford,Thunderbird,1955
2C3CCAKT2CH007599,Audi,5000S,1988
WA1LGBFE5ED627648,Land Rover,Range Rover Sport,2007
WP0AA2A82AU298529,Honda,Accord,1991
5N1AA0ND6EN861315,Nissan,Maxima,1993
WAUKF68E85A777678,Dodge,Ram 3500,1997
1GYFC36209R710160,Toyota,Sequoia,2004
19UUA66227A684484,Chevrolet,Corvette,1965
3D7TP2CT2BG983830,GMC,1500,1994
WBAFU7C56BC763038,Volvo,940,1995
5UXFA13584L521314,Chrysler,PT Cruiser,2010
WBAWC73508E428454,Honda,S2000,2003
1FTEW1CM5BK324509,BMW,530,2006
JTHCL5EFXF5907637,Maybach,62,2006
1GYEE637570743194,Audi,S6,2010
2G4WE587371432375,Toyota,Land Cruiser,1993
1G6YV36AX85006847,Porsche,Boxster,2002
1C6RD6FK8CS757767,Audi,5000S,1988
3GYFNDE33DS612840,Volvo,XC70,2004
1FMCU9E71AK178980,Chrysler,New Yorker,1994
1N6AA0EJXFN384879,Volkswagen,Passat,1990
5UXFF0C59AL429734,Mercury,Topaz,1992
KNALN4D7XE5641287,Toyota,Tacoma Xtra,1995
1G6AZ5S31E0487766,Ram,2500,2012
19UUA65605A581940,Mazda,RX-8,2005
1D4RE5GG5BC695315,Daewoo,Nubira,2002
WAUKF78E88A161702,Maserati,Quattroporte,1985
1G6DV1EP3F0134060,Audi,Allroad,2001
WVWAN7AN2EE700833,Suzuki,Daewoo Lacetti,2006
1FMJU1J55AE263574,Suzuki,SX4,2011
4F2CY0C73AK365678,Toyota,Corolla,2002
WAUMF98K99A519109,Jeep,Wrangler,2007
WBAET37412N951298,Porsche,Cayenne,2009
WUAYU48H88K500807,Lexus,SC,2006
3C6TD5MT7CG178109,GMC,Yukon XL 2500,2002
1G6DK5EG6A0726450,Toyota,FJ Cruiser,2007
KNADH5A37A6691667,Buick,Enclave,2010
5N1BA0ND0FN264201,Mercury,Cougar,1992
1N4AL3AP0DC937532,Mitsubishi,Galant,2003
3GYFNEE38FS507753,Buick,Coachbuilder,1990
1G4GG5E37DF469112,Dodge,Dakota,1994
1G4GC5G37EF267297,Subaru,Legacy,1993
JN1BJ0HP1FM951805,Ford,Taurus,1995
JH4DC53025S688627,Dodge,Caliber,2010
SALVP1BG7CH491795,Ford,Fusion,2012
KNDJT2A25D7812141,Dodge,Ram 3500,1997
JA32U2FU8FU376903,Subaru,Legacy,2000
3VW4S7AT5EM913318,Dodge,Aries,1981
KMHHT6KD0BU821748,Chevrolet,1500,1998
JTHFF2C2XD2476413,Mazda,Mazda3,2005
WBA3V5C59F5146120,Dodge,Ram 1500 Club,1997
2HNYD2H86CH206043,Mazda,B-Series,1989
JM1NC2PF4F0587511,Audi,S8,2006
JN1CV6EK3CM809830,Chevrolet,Corvette,1963
JN8AS5MT7CW978761,Volkswagen,New Beetle,2009
1G6KD57YX8U172873,GMC,Savana 3500,2002
1GYS3FEJ6BR404465,Mazda,Familia,1986
1G6DG577190161096,Chevrolet,S10 Blazer,1994
WAUEH64B91N313532,Ford,Escort,1989
3VW4S7AT4EM796282,Mercury,Topaz,1987
WAUJT64B74N997255,Mazda,Millenia,1995
WA1DGAFE1DD267761,Saturn,S-Series,1998
2T1BPRHE7EC758455,Volkswagen,Jetta,1998
SCFFDABE7CG412653,Nissan,Sentra,2004
WBA3B9C55FF157867,GMC,Rally Wagon 2500,1993
1D7RV1GP2BS998134,Hyundai,Tucson,2008
YV4960DLXA2974100,Audi,A5,2008
5FRYD4H48EB037813,GMC,Savana,2010
1N6AF0LY7FN667547,Chevrolet,Aveo,2008
5N1AA0NC2FN627522,Buick,Enclave,2010
WBAYF4C56FD449004,Maserati,GranTurismo,2008
WBAUT9C57BA499166,Mitsubishi,GTO,1992
WAUDFAFC2DN903991,Plymouth,Voyager,1997
1G6DA5EG7A0202243,Saab,9-5,2001
WBAPH73579A983206,Ford,Thunderbird,1994
3CZRE3H36BG268617,Chevrolet,S10 Blazer,1992
SALAB2V60FA976623,Ford,Mustang,1979
SALME1D44CA739448,Bentley,Continental,2008
1FTFW1E84AF341135,Subaru,Legacy,2008
WAUEH74F76N441364,Ford,Excursion,2005
1GYS4DEF9BR520014,Ford,Flex,2009
2T1BU4EE0CC420862,Honda,Accord,2006
1GKS1HE0XER754916,Chevrolet,Astro,1993
WVWGU7ANXAE595174,Pontiac,Vibe,2003
5YMGY0C55BL776406,Ford,LTD,1986
WBAWB33529P968485,Acura,SLX,1998
3C4PDCAB8FT017614,GMC,Sierra 2500HD,2006
WBAWB73558P074423,GMC,Sonoma,1999
WA1CFBFP8BA093255,Audi,A8,2009
3D7TP2CT5AG781434,Infiniti,QX56,2009
WA1MKAFP5AA416153,Kia,Forte,2010
3N1CN7AP2EL540353,Nissan,Armada,2010
1GD312CG7CF797438,Pontiac,Chevette,1987
JN8AS5MT5AW657511,Volkswagen,Golf,1997
3C63D2ELXCG532623,Mitsubishi,3000GT,1995
3VWJX7AJ5AM435544,Buick,Skylark,1998
JN1BV7AP4FM315757,Chevrolet,Citation,1980
WAUJC68E05A449840,Mitsubishi,Galant,1990
WBA3B5C56DF169807,Mitsubishi,Diamante,1994
JN1CV6FE6AM448566,Buick,Century,1988
1FMJK1J53AE369950,Acura,NSX,1994
WVGAV3AX6EW795915,Panoz,Esperante,2007
5GADT13SX72198713,Chevrolet,Suburban,2007
1GD322CG7EF574218,Suzuki,Swift,1996
WBAGH03461D584661,Chevrolet,Beretta,1994
1G6DA8E57C0612589,Chevrolet,Blazer,1995
5TDBY5G18FS593416,BMW,X3,2009
5N1AT2MK5EC875448,Hummer,H2,2007
SCFAD01A25G802453,Ford,Bronco II,1990
WBSBR93496P286313,Isuzu,i-370,2007
5J6TF1H52FL078105,Acura,MDX,2007
5NPDH4AE2BH727092,Mercury,Cougar,1984
1N4AB7AP7EN940850,Ford,LTD,1985
WAU4FAFL6CA849794,Hyundai,Equus,2012
JM1CW2BL7D0847764,Kia,Rio,2001
WAUCFAFC0DN107283,Infiniti,Q,2002
SALWG2VF4FA357515,BMW,750,2006
5J8TB4H58FL117008,Buick,LaCrosse,2007
JTDJTUD32ED116405,Jaguar,S-Type,2008
WBA3B5C59EP351819,Dodge,Intrepid,2003
WAUDF78E97A408524,Lexus,LX,2011
1N4AB7AP4DN590558,Toyota,Land Cruiser,2009
JN8AZ2NE2F9809986,Land Rover,Range Rover,1994
WAUSGAFCXCN366290,Kia,Sedona,2011
WAUNE78PX8A038498,Bentley,Azure,2010
5UXZV4C55DL809939,Mercury,Milan,2011
WBAPH57549N162233,Volkswagen,Passat,1993
1C6RD6FP0CS474324,Nissan,240SX,1994
1FTSW3B54AE401148,Dodge,Ram 3500,2004
WA1VKAFP7AA775914,Chevrolet,Impala,2010
1C4RDJAGXFC691297,Subaru,Tribeca,2006
5UMCL93442L682370,Mercury,Villager,2002
WAUDK78T78A925428,Chevrolet,Suburban,2008
1C4RDJDG9CC048091,Dodge,D250,1992
3VWJP7AT7CM950887,BMW,M3,2010
3C6TD4DT9CG396398,Buick,LeSabre,1987
1N6AD0CU8CC614219,Dodge,Grand Caravan,2006
2G4GR5EK2C9254116,Honda,Accord,1985
WP0AB2A98AS385689,Plymouth,Colt,1994
1FTSW3A59AE723222,Dodge,Nitro,2010
1GD020CG6DZ492159,Ford,F450,2008
WAUHFAFL2CA941633,Subaru,Forester,2006
WVGEF9BP2ED693703,Honda,Passport,2002
JM1DE1KY7C0648757,Aston Martin,Vantage,2011
1N6AF0LY9EN643829,GMC,Sierra 3500,2010
5GADT13S242684671,GMC,Jimmy,2001
5J6TF2H59DL878256,Land Rover,Freelander,2001
WAUAF78E95A448294,Plymouth,Neon,2001
WBADR63491G613216,MINI,MINI,2002
1G4GB5GG6AF675144,Acura,TSX,2005
3D73M4HL7AG020725,Corbin,Sparrow,1999
SCBBR9ZAXBC492927,Mazda,B-Series Plus,1996
JN1BY1AR7FM235276,Ford,Explorer,2011
2B3CA2CV7AH507313,Buick,Electra,1985
19VDE2E54DE417484,Mercedes-Benz,R-Class,2012
WBAYA8C56ED937115,Mercedes-Benz,SL-Class,1998
WAUMGBFL0DA258591,Chrysler,Concorde,1994
WBAUC9C59BV895544,Ford,F350,2006
SCFAD02E89G177063,Nissan,Pathfinder,2009
WAUDG78E16A470155,Cadillac,XLR,2004
1G6DH8E59C0110758,Infiniti,I,1998
JH4KC1F52FC278154,Ford,F-Series Super Duty,2012
WAUWFAFR4BA890954,Chevrolet,Astro,2003
1G6AF5S36D0791893,Citroën,CX,1974
WVWAP7AN8EE378113,Mercedes-Benz,C-Class,2010
WAUKF78E56A587781,Buick,Regal,1999
1FTEX1E87AF638182,Toyota,Celica,1996
2T1KE4EE8BC179211,Suzuki,Vitara,1999
JN1AZ4EH2AM344880,Hyundai,Veracruz,2009
KMHGH4JHXEU192526,Oldsmobile,88,1992
4A31K3DT3AE495722,Kia,Carens,2008
1FTEX1EWXAF483061,Cadillac,DTS,2011
YV4952CF9D1975968,Isuzu,i-280,2006
SALFR2BN5CH357662,Mazda,Tribute,2001
WBSDX9C53BE918445,Chevrolet,HHR,2007
5UXZW0C55D0129448,Subaru,Impreza,2009
WAUDFAFL0BN157439,Dodge,Viper,1999
2D4RN5D15AR915039,Cadillac,DeVille,1992
1G6YV36A475956653,Ford,Festiva,1990
JM1CR2W35A0054170,GMC,Yukon XL 2500,2007
WVGAV7AX9AW481855,Mazda,Mazda3,2006
1C3CDFBA9DD904961,Lexus,LS,1997
1G6DX6ED4B0294083,Mercedes-Benz,C-Class,1995
WAUKH98E47A524159,Acura,RL,2008
3C3CFFCRXDT575793,Mitsubishi,Galant,2003
4T1BF3EK0BU689743,Porsche,Carrera GT,2004
WVGAV3AX0DW174989,BMW,X6 M,2013
WBANE53546C478647,Alfa Romeo,Spider,1994
WVGFF9BP0BD225923,Dodge,Ram 2500,2002
KMHGH4JH8EU438182,Hyundai,Tucson,2011
KNDPB3A26D7827007,Mercedes-Benz,GLK-Class,2011
WVWAA7AJ6CW362286,Mercedes-Benz,E-Class,1992
WAUSH78E66A958943,Audi,R8,2012
SCBLF44J47C475877,Lexus,LS,2008
JHMZE2H7XES505074,Hyundai,XG300,2001
JM1CR2W31A0243818,Lincoln,Town Car,1990
KNDJT2A19B7781593,GMC,Yukon,2012
1D7RV1CP0AS664754,Buick,Park Avenue,1994
WAUGFAFRXDA900877,Cadillac,Escalade,2003
1C4SDHCT1EC299666,Ford,ZX2,2002
1GYS4EEJ8BR305315,Kia,Soul,2010
WBALL5C52FP288318,Mercedes-Benz,CLK-Class,1999
WBAVM5C54DV489555,Dodge,Dakota Club,1998
WVGEF9BP1FD290619,Toyota,Celica,2002
WAULC58E35A054604,Mazda,B-Series,2004
5N1AN0NU2AC097988,BMW,X5,2001
3N1BC1CP4CK940784,Mercedes-Benz,CLK-Class,2005
JM1CR2W35A0285828,Chevrolet,Silverado,2008
2T1BU4EE3CC584736,Chrysler,Fifth Ave,1992
ZFBCFADH2FZ052061,Dodge,Ram 1500,1997
1FTWF3B50AE825038,Pontiac,Sunfire,1999
WA1EV94LX7D180794,Honda,Pilot,2002
1C3CCBCBXCN666274,Mercedes-Benz,GL-Class,2012
1G6DM56T950854127,Toyota,RAV4,2011
SCFBF03B27G507084,Maybach,62,2012
1G6AJ1RX7F0258101,Nissan,Rogue,2008
SCBBR9ZA6CC383124,Ford,Thunderbird,1990
WAUEF78E86A085098,BMW,M3,2003
WVWAP7AN4EE844507,Porsche,911,2009
WBXPA93475W390391,Mazda,B-Series,2005
KMHTC6AD8EU126126,Chevrolet,SSR,2003
WAUBVAFA2AN256089,Ford,E350,2007
4USBT53554L773890,Buick,Terraza,2006
3VWF17AT3FM886309,Nissan,Armada,2012
19UUA8F28CA229161,Infiniti,M,2011
1FTWW3CYXAE242033,Nissan,JUKE,2012
19XFB4F28EE834553,Saturn,S-Series,1993
JN1AZ4EH9FM896108,GMC,Sierra 1500,1999
3D73Y3CL7AG399666,Chevrolet,Blazer,2003
3N6CM0KN3EK518286,Toyota,4Runner,1998
1C3CCBHG4CN057153,Mitsubishi,Pajero,1988
WAUJC58EX5A893138,Saturn,VUE,2009
SCFAB01A88G496742,Chevrolet,G-Series 1500,1997
WAU4FAFL9CA020105,Chevrolet,Malibu,1998
1GYS3HEF4DR463539,BMW,M3,2008
KL4CJFSB1DB014618,Ford,F350,2003
2C3CDYCJ6DH846269,Nissan,Sentra,2009
WBABN33433P937086,Chevrolet,Suburban 2500,1999
3TMJU4GN2FM240173,Mazda,626,1987
5N1AA0NCXBN281939,Nissan,350Z,2007
5N1AZ2MH7FN994854,GMC,Sierra 1500,2011
3C63DRLL8CG234969,Nissan,Pathfinder,2000
1N6AF0LX1FN730214,Volkswagen,Jetta,1988
1GKLRKED1AJ216787,Lamborghini,Countach,1987
KMHCM3AC2AU743292,Pontiac,G8,2008
3N1CN7AP4EK845875,BMW,550,2006
WBALM53599E749446,Pontiac,6000,1985
WAUEL94F95N304807,Lotus,Esprit,1989
SCBBB7ZH8FC399187,Honda,CR-V,2003
3C63DPBL9CG352504,Acura,TSX,2008
KMHHT6KD0DU950172,Chevrolet,Suburban 1500,2011
JN1AZ4EH3BM717586,Lotus,Esprit,1994
WBXPC93467W563248,Mercedes-Benz,SLS AMG,2011
JTDJTUD34ED085531,BMW,X5,2010
19UUA8F27AA772272,Volvo,C70,2006
YV1902FH5D1586401,Plymouth,Volare,1976
WUARU78E37N465182,Porsche,911,2008
WAULD54B83N745674,GMC,Sonoma,1993
WAURV78T48A294747,Porsche,928,1988
WBA4B3C51FD468399,Toyota,Yaris,2008
KNDJT2A57C7392858,Honda,Odyssey,2006
1G4GA5GC5AF789653,Toyota,Land Cruiser,1992
SCFEBBEL2DG952432,BMW,3 Series,2004
JTDKN3DU6B0727056,Porsche,Cayman,2008
2HNYD18292H565102,Pontiac,Firebird,1998
JN1CV6FEXEM591106,Saturn,Ion,2006
WAURVAFD2CN656763,Subaru,Legacy,1998
5UXKR0C59F0248633,Cadillac,Catera,1999
WBSWD9C53AP525887,Mitsubishi,Lancer Evolution,2010
WAUKFBFL0BA729890,Infiniti,QX56,2007
KNDPB3AC4E7907349,Lexus,GX,2006
5N1AT2MK0FC039810,GMC,2500 Club Coupe,1997
WAULT68E64A737305,Lincoln,Town Car,2000
WAULFAFH3BN217754,Dodge,Neon,2004
2G4GN5EC1B9475385,Toyota,4Runner,1997
1G4GA5GR9FF975210,Mazda,Miata MX-5,2004
TRUTC28N351466609,Honda,CR-V,2008
WBAVC53538F517011,Kia,Rio,2001
WBAXG5C51DD944724,Lexus,RX,2003
WAUDFAFC4EN153317,Chevrolet,Impala,2006
3GYFNDEY1BS485837,Chrysler,Town & Country,2010
WBAYP9C52DD324055,Lincoln,Continental Mark VII,1989
WBA3V7C51EP459015,Dodge,Durango,1998
5XYKT3A1XBG771183,Ford,Ranger,2008
SCBDC47L07C912705,Volvo,940,1995
WAUCFAFRXBA207934,Isuzu,Rodeo,2003
JTHBW1GG8E2806646,Toyota,Solara,2007
KMHGC4DE6BU836535,Volvo,S40,2011
JHMGE8G38CS035410,Mazda,MX-6,1991
WDBSK7AA3CF621154,Ford,Tempo,1988
JTHBL1EF3D5781767,Honda,Accord,2000
SAJWA4FBXDL033584,GMC,Yukon XL 2500,2000
SCBLF44J78C904009,Nissan,Murano,2005
5FRYD4H62GB763056,Subaru,XT,1986
WUAUUAFG7F7850937,Toyota,Avalon,2010
5NPEB4AC2CH358613,Subaru,Impreza,2011
1GD311CG8FZ287743,Ford,E350,2009
3N1AB7AP4FY408361,Pontiac,Vibe,2006
WBSBR93445P574187,Hyundai,Tiburon,1997
1G6AG5RX2E0093224,Cadillac,STS-V,2008
1G6KD57Y29U276713,Infiniti,G,2010
WBA4B1C54FD225948,Nissan,Maxima,2010
3C4PDCGB4FT422103,Acura,TL,2005
JH4CL96944C228097,Audi,5000S,1985
3N1BC1APXAL090427,Pontiac,Bonneville,1994
JH4CU2F60AC240415,Buick,Skyhawk,1985
1GYS3GEF2CR723770,Buick,Park Avenue,1997
5UXFB535X5L845032,Bentley,Arnage,2008
3C6TD5KT5CG342976,Mitsubishi,Montero Sport,2000
JA32U2FU2EU273538,Ford,F250,1997
SCFEFBAC1AG960088,Lexus,GX,2006
KNADM5A37D6375041,Maserati,Karif,1989
KL4CJCSB3FB825175,Chevrolet,Sportvan G30,1996
3N1AB6AP5CL954895,Volkswagen,GTI,1993
2LMDJ6JK9FB259952,Toyota,Tacoma,2006
1G6DP1E38D0942540,Dodge,Dakota,2009
5TDBKRFH9FS645269,Lotus,Esprit,2000
WAUSF78K89N487628,Mercedes-Benz,SLK-Class,2001
WAULFAFHXEN650542,BMW,5 Series,2012
1GYUKKEF3AR030203,Jaguar,X-Type,2002
WBA3V9C56F5045592,Nissan,Xterra,2003
WBA3V5C51F5314686,Dodge,Caravan,2007
JH4KA965X1C053333,Hummer,H3,2010
1G4HR54KX1U530872,Porsche,Boxster,2012
3N1CN7AP6EK198928,Toyota,Avalon,2000
WAUVT68E85A087029,Toyota,Celica,1997
5FNRL5H22EB642441,Lexus,SC,1995
JH4CU2F82EC683026,Hyundai,Azera,2008
2C3CCARG8FH627497,BMW,550,2006
YV1672MC6DJ588972,Isuzu,VehiCROSS,2001
JN8AZ1MUXDW546373,Dodge,Dakota Club,1992
WAUYP64B71N457936,Lexus,ES,1999
1FMJK1H59BE914931,Nissan,Maxima,2006
1GD422CG5EF322021,Pontiac,G6,2007
TRURD38J191645019,Ford,LTD Crown Victoria,1986
WA1WGAFP3DA237527,GMC,Jimmy,1997
2C4JRGAG8DR835273,Volvo,S80,2012
WVGEF9BP3FD848275,Audi,4000s,1985
3VWML7AJ1DM611678,Mercury,Lynx,1985
1GT3C0BG6AF545553,Isuzu,Ascender,2007
WAULC68E83A488407,Saab,9-3,2006
5N1AR1NB1BC317650,Mercedes-Benz,E-Class,2005
JTHBE1KS1A0329742,Honda,CR-X,1985
1G6DA8EY0B0634653,Pontiac,Bonneville,1993
19UUA66296A297736,Lamborghini,Diablo,1999
JHMZE2H32DS254952,Pontiac,Grand Am,2005
WBAWC7C58AE987658,Bentley,Continental,2008
WAULF98K19N102796,Toyota,Tundra,2010
JTHFE2C22B2386902,Ford,Crown Victoria,1998
1G6AP5SX7F0245302,Pontiac,Gemini,1987
1G6AJ5S31F0836207,Dodge,Intrepid,2001
WAUDFAFC0FN717868,Chevrolet,HHR,2006
JTEBU4BF0DK161802,Land Rover,LR2,2012
5UXFA13525L094603,Buick,Riviera,1993
JH4CL95924C341838,BMW,X3,2012
WBALL5C5XDJ239349,Isuzu,i-Series,2008
19UUA65525A381519,Mitsubishi,L300,1988
WAUFFBFL3CN416795,Mitsubishi,Galant,1993
1N6AA0CC1CN698596,Cadillac,DeVille,1993
1C6RD7HTXCS507068,Morgan,Aero 8,2007
1GYS4JEF2CR673320,Volkswagen,Fox,1987
WVWGU7AN2CE022269,Honda,Fit,2011
JN8AZ1FY5EW551546,Buick,Roadmaster,1991
5N1AN0NUXFN871187,Chevrolet,Lumina,1997
3A4GY5F91AT073077,Mercedes-Benz,E-Class,2001
YV1672MW2B2328148,Dodge,Ram 1500 Club,1996
5N1AR2MM2FC061307,Nissan,Sentra,2011
1G6DC1E39D0088850,Pontiac,LeMans,1968
1G4GB5GG6AF859760,Acura,TL,1996
5YMKW8C51F0132830,Volvo,940,1992
WBADS33462G840724,GMC,Yukon,1999
WBAVC53578F311545,Audi,TT,2011
1G6DA67V880208113,GMC,Sierra 3500HD,2006
1N6AA0EK2FN507308,GMC,Terrain,2012
2T2BC1BA1FC898730,Subaru,Legacy,2003
5FNYF3H25DB479077,Chevrolet,G-Series G30,1994
KMHHT6KD0AU524719,Porsche,944,1985
WBANV13548C369035,Hyundai,Azera,2007
WDDDJ7CB2AA338070,MINI,Countryman,2012
WAUFFAFL9EA591752,Pontiac,Firefly,1992
WAU4GAFB8AN838144,Infiniti,QX,2005
WVWEU9AN0AE057425,Audi,A6,2004
KNDPB3A2XB7982267,Lexus,IS,2012
1GYUCFEJ1AR730326,Mercury,Mountaineer,2009
5UXKR6C59F0360254,Infiniti,QX56,2011
WDDGF5EB0BA368170,Acura,RL,2003
VNKKTUD35FA585292,Mazda,Tribute,2003
SCFEBBAC9AG234992,Dodge,Ram Van 1500,1997
1FTEW1CF5FK362328,Toyota,Celica,1982
1FTFW1E85AK682356,Mitsubishi,Cordia,1984
YV1672MK0C2434662,BMW,3 Series,2008
JA32X8HW1CU157530,Ford,Econoline E350,1995
WBANA73585C838282,MINI,Clubman,2008
WBANU53549B426433,Chevrolet,Monte Carlo,2006
KNADM5A33D6446929,Ford,Focus ST,2013
WAUMK98K59A485990,BMW,M3,1995
KL4CJASB2FB755723,Mercury,Montego,2006
19VDE1F39FE121385,Ford,Bronco II,1986
JM1GJ1T62E1673102,Audi,Q7,2012
WBA3R5C56EF407832,Saab,9-3,2012
WAU2GBFC8CN276917,Land Rover,Range Rover Sport,2011
WAUEG98E96A046982,GMC,1500,1997
WBAFR7C52CC879551,Mazda,B-Series,1999
WBANU535X9B794096,Dodge,Ram 3500,1998
3C63DRGL8CG914509,Chevrolet,Lumina,1992
WBALM7C53EJ249294,Chrysler,Prowler,2001
JH4CU2E64BC755789,Mazda,626,1985
1GYFC43589R969841,Pontiac,GTO,1970
5N1AN0NU5FN428218,Pontiac,Firebird,1989
WP1AA2A25EL786473,Audi,TT,2006
19UUA65544A518104,Toyota,Sienna,2007
WAUKH78E67A677596,Chevrolet,Express 2500,1996
WBA3B1C59FP416081,Mercedes-Benz,C-Class,2008
3N1CE2CP5FL607965,Dodge,Magnum,2008
19UUA8F74CA780926,Oldsmobile,Cutlass Supreme,1993
2HNYD18646H501591,Chevrolet,Cavalier,2000
WAUJC68E22A736737,Pontiac,Bonneville,1999
1G6DL8E35C0408186,GMC,Suburban 2500,1995
WP1AA2A21CL436237,Oldsmobile,Bravada,1998
VNKKTUD39FA883019,Plymouth,Laser,1994
JM3TB2BV3D0292302,Kia,Rio,2001
1G6DM57T970948185,Mitsubishi,RVR,1995
2C3CCADG2DH235779,Eagle,Talon,1994
KNDJN2A25E7482660,Dodge,Ram 1500 Club,1997
WAUGGAFR0EA798729,GMC,3500,1995
WAUDT48H16K481297,Mazda,626,1986
1N6AA0CC2FN661092,Volkswagen,GLI,2008
JN8AE2KP7D9638327,Chevrolet,Cruze,2011
3C4PDCBB9DT323300,Chevrolet,Malibu,2004
WBAUN1C53CV791449,Lincoln,Continental,1984
4T1BD1FK5CU221047,Lincoln,Aviator,2005
2T1KE4EE9AC222257,BMW,X3,2004
3C6JR6CT4DG605084,Jaguar,XF,2009
2C3CCABGXEH165078,Lexus,LS Hybrid,2012
JN1AZ4EH0FM501751,Smart,Fortwo,2008
WBAPH5G53BN051209,Nissan,Rogue,2010
WBSDX9C54DJ117002,Ford,Five Hundred,2006
1FTWF3D58AE384997,Mitsubishi,3000GT,1993
KNDPB3AC0F7103616,GMC,1500,1995
5NPEB4AC8EH280857,Jeep,Cherokee,2001
2D4RN3DGXBR137167,Toyota,Corolla,1998
5N1BA0ND3FN720112,Cadillac,Seville,2000
JN8AZ1FY0DW985274,Plymouth,Grand Voyager,1998
WAUGFBFC4DN985578,Mercedes-Benz,E-Class,1989
3GYFNDE32CS304069,Maserati,Biturbo,1987
WAUBVAFB6AN136949,Ford,Crown Victoria,1997
WBAUU335X9A924738,Nissan,Quest,2007
WA1LFBFP5EA228891,Pontiac,GTO,1967
5GAKRBEDXCJ598135,Mercedes-Benz,SLK-Class,2012
WVGAV7AX2FW328015,Jeep,Grand Cherokee,2007
WBAXG5C53CC868184,Chevrolet,Impala SS,1994
JN1CV6FE0FM425890,Audi,Q5,2011
3FA6P0SU7FR290337,Toyota,4Runner,2003
WA1DKAFP4CA937240,Ford,Aerostar,1991
WAUSH78E17A533521,Mazda,Miata MX-5,2012
1G4HJ5EMXAU440659,Mazda,MX-6,1993
JN8AF5MR0FT985405,Dodge,Colt,1994
JN8AZ2KR6CT630212,Mazda,Protege,1998
1D7RE5GKXBS988821,Pontiac,Montana,2002
JN8AE2KP9E9715877,Chevrolet,Suburban,2008
1N6AF0KX7FN656721,Honda,CR-X,1985
5N1CR2MM9EC677934,Mercedes-Benz,S-Class,1996
WBAEW53444P348135,Audi,5000S,1985
1N6AF0KY3EN123918,Dodge,Ram 2500,2007
WP0AA2A98DS446627,Hyundai,Accent,2005
1GD322CG3EF497380,Cadillac,Escalade ESV,2003
2C3CDXBG4EH689942,GMC,Sonoma Club Coupe,1997
1GTN1UEH2EZ658446,Ford,Econoline E250,1996
1G6DM5EYXB0927031,BMW,Z4,2004
1FTEW1C84AF899873,Chevrolet,Express,2010
WA1CV94L47D690002,Mercury,Sable,1998
2HNYD18205H611288,Acura,RL,2005
1GYUCAEF5AR896136,Land Rover,Discovery Series II,2000
1N6AD0CU6FN478939,Tesla,Model S,2012
1D7RW3GKXAS693699,Mercedes-Benz,C-Class,1995
2G4GL5EX5F9403264,Mazda,Familia,1986
1N6AA0CCXEN659573,GMC,Savana 3500,1997
WDDPK4HA8CF594664,Mazda,B2600,1987
SCFAD06D19G267284,Mazda,626,1987
3FA6P0SU6DR501072,Mercedes-Benz,SL-Class,2002
JA32U1FU7DU504765,Volvo,S80,2009
JM1NC2LF8C0756964,Land Rover,Defender,1994
1N6AA0CH0EN635486,Dodge,Journey,2010
2LMDJ6JK6BB482766,Audi,Quattro,1985
1G6DE5EG0A0462763,Toyota,T100,1995
2C4RVAAG5CR437139,Saab,900,1999
JN8CS1MW0EM858262,Geo,Tracker,1995
2G4WC532251983430,Lincoln,MKX,2007
SCBBR93W978039347,Mitsubishi,Mirage,1998
JN1CV6AP7BM320072,Toyota,Camry Solara,2008
JM1NC2EF2A0614104,Audi,riolet,1996
SCFAB05D39G777241,Mercedes-Benz,CLS-Class,2006
WAUNF98P56A220910,Pontiac,Vibe,2003
KMHTC6AD2FU073957,Mitsubishi,Mighty Max,1992
WVGEF9BP8ED339393,Chevrolet,Silverado 1500,2002
2C3CDXCTXFH911607,Dodge,D150 Club,1993
WAUFGBFB5BN924964,Chevrolet,Avalanche 2500,2006
1G6DU6EVXA0187720,Audi,90,1989
19UUA56711A978200,Audi,A8,2011
SCFEBBAK8DG760767,Toyota,Avalon,2009
SCFEDEAN3CG686677,Isuzu,Axiom,2002
1FTSW3B54AE362917,Lotus,Elan,1990
3C6JD7EP0CG380102,Ford,Taurus,2003
1G6AX5SX9E0882321,Volvo,C70,1999
5FRYD3H8XEB260609,Chrysler,Town & Country,2001
1FTEX1CM8DF397267,Toyota,Land Cruiser,2007
2T1KE4EE6CC274769,Audi,A6,2010
2HNYD18995H476244,Buick,Park Avenue,1997
JTDKDTB38E1801623,Mercury,Lynx,1985
WAULFAFR0DA468413,Chrysler,Sebring,2007
5LMJJ3J58DE501779,Hummer,H3T,2010
WBAKB83579C660604,Mercury,Grand Marquis,1991
1ZVBP8JS6A5234423,Mitsubishi,Truck,1994
5NPDH4AE9DH385384,Toyota,Yaris,2011
3VW217AU1FM340308,Pontiac,Firebird,2002
SCBZK25E73C810281,Audi,Allroad,2003
WAUJC58E32A967821,Lincoln,Town Car,1994
WBAWV53507P266696,Ford,F150,1998
WBAEP33484P297630,Mazda,CX-7,2012
3GYFNGE34DS856773,Dodge,Ram 3500,2010
3D4PG4FB5AT354386,Bentley,Continental Flying Spur,2010
JHMZF1D48ES511362,Chrysler,Concorde,1998
1G4PN5SK1C4609599,Dodge,Viper,2009
19UYA42753A232885,Ford,Windstar,2000
1D7RV1CT1AS698618,Maserati,Quattroporte,2010
WBAAZ33455K553391,Volkswagen,Passat,1993
1D4PT4GX4BW108141,Land Rover,Range Rover,1990
JTEBU5JR2F5266330,Dodge,Neon,2000
1G6D25EY8B0520914,Subaru,Forester,1999
WAUDFBFC6CN818608,Maybach,57,2011
WA1LFBFP8BA093627,Lexus,ES,2004
JM1GJ1T66F1403551,Ford,Econoline E150,1998
1C3BCBGGXCN031539,Chevrolet,Sportvan G30,1994
5TDBK3EH6CS534740,Pontiac,LeMans,1964
1GYFK23269R990734,Mitsubishi,Challenger,2003
WBAFR9C57BD838983,Cadillac,CTS-V,2012
1FTEW1E8XAF590549,Volvo,960,1996
1G6YV36A675927431,GMC,Jimmy,1994
5TDBKRFH4FS499881,Dodge,Viper RT/10,1994
3N1CN7APXEL125314,Buick,LeSabre,1990
1N6AD0CW2EN261940,Toyota,TundraMax,2010
WVGEF9BP1FD946026,BMW,Z4,2003
WAUMF98P46A131972,Mazda,B-Series,1986
1G4HR57Y68U921561,BMW,7 Series,1994
WA1YD54B82N127708,Acura,RSX,2004
1G6DS5EV4A0385726,Pontiac,Grand Prix,1999
2C3CDXJG8DH086539,Saturn,L-Series,2001
YV1902MC1F1135282,Lexus,LS,2002
5UXWX9C55F0546835,Mitsubishi,Galant,1989
1GYS3JEF7DR509386,Hyundai,Azera,2012
WA1AY74L39D176681,Pontiac,Firefly,1995
4A31K5DF0CE254029,Mercury,Mariner,2010
WBADT53431C266954,Mercury,Grand Marquis,1996
1C6RD7MT1CS960954,Panoz,Esperante,2006
TRUUT28N511169694,Pontiac,Gemini,1987
WVWGU7AN5BE067592,Subaru,Outback,2009
1G4GA5ER9DF401271,Dodge,Charger,1970
1G6YX36DX85250678,Cadillac,Escalade,2009
JN1CV6AP1CM964877,Lexus,ES,2003
WBAPM73599E338867,Buick,Park Avenue,2000
JTEBU5JR8B5865310,Hyundai,Santa Fe,2006
2G4GU5GX4E9051576,GMC,Envoy,2002
5TDDW5G18FS525051,Toyota,Land Cruiser,1997
1D4PT5GK5BW151199,Porsche,911,2005
1N6BF0KX8FN410197,Mitsubishi,Outlander,2008
SCBLF34F42C483413,Honda,Pilot,2008
KNADH5A39B6180849,Chevrolet,Camaro,1985
JN8AZ2KRXCT996013,Hyundai,Scoupe,1995
4JGBB2FB6AA357617,Corbin,Sparrow,2004
2HNYD18282H966978,BMW,650,2006
WAUVC68E44A040532,Nissan,Maxima,2011
JN1BJ0HP9FM474900,Land Rover,Range Rover,1998
5FRYD3H64FB958200,Honda,Pilot,2003
1FTEW1CF6FK988339,Pontiac,G5,2007
1G6D25ED7B0165960,Hyundai,Sonata,2001
1GKS1HE04BR837155,Pontiac,Grand Prix,1970
SCBGT3ZA9DC691278,Dodge,Caravan,2009
WBALW7C53CD152263,BMW,6 Series,2004
5N1AZ2MH3FN855966,BMW,X6 M,2013
JM3KE2BE9D0670805,Pontiac,1000,1985
1G6AE5S38D0714140,MINI,Cooper,2002
2C3CDYCJ8DH073045,Honda,Civic,1995
JTDKN3DP6F3199520,GMC,Rally Wagon 2500,1992
5TDBW5G12DS694275,Chevrolet,Metro,2000
WA1LFBFP3DA104665,Volvo,XC70,2005
KMHHT6KD4AU781317,Mazda,Mazda6,2005
5UXFA93585L484541,Lamborghini,Murciélago,2010
WBABS53443J124881,Subaru,Forester,1999
5NPE24AF5FH194045,Acura,MDX,2010
WBAGH03401D834864,Ford,Explorer Sport Trac,2010
WBAKN9C54ED210958,GMC,Yukon XL 1500,2002
5N1AR1NB3CC839441,Plymouth,Breeze,1999
JM1NC2NF1E0119348,Ford,F350,2011
5YMGZ0C5XD0192438,Oldsmobile,LSS,1999
WA1WMAFE6DD482814,Ford,Escort,1996
JM1DE1KY8C0882339,Toyota,Highlander,2005
5N1AR2MM0FC852709,Aptera,Typ-1,2009
5N1AA0NC0EN308490,Audi,TT,2009
WAUCFAFH9BN577143,Pontiac,GTO,1965
2G4GR5EC4B9791299,Chevrolet,Beretta,1995
3D7TP2CTXBG473497,Audi,A8,1998
5UXFF03559L984983,Isuzu,Amigo,1998
1HGCP2E85AA740417,Nissan,370Z,2011
WBAKG1C55CE937139,Jeep,Cherokee,1999
YV1672MK6A2317682,Ford,E250,1984
1GYS3DEF2DR006799,Bentley,Continental Flying Spur,2012
WBAFR9C55CC199235,Ford,Aspire,1997
WBAKE5C50BE532074,Bentley,Continental GTC,2011
SALAB2V61FA186649,Suzuki,Reno,2006
WBXPC93478W361228,Lamborghini,Gallardo,2012
5UXFB93542L546607,Mazda,MX-6,1997
WBAFR9C50DD443322,Nissan,Rogue,2009
WAUKFAFL9BN609640,Subaru,Impreza,2011
WAUVC58E83A406226,Ford,Crown Victoria,2002
WBA3B5C50DP042464,Daewoo,Lanos,2001
3C6TD5PTXCG619534,Cadillac,Escalade ESV,2012
2T1BPRHE8FC361533,Aptera,Typ-1,2008
2V4RW3DG7BR295529,Pontiac,GTO,1973
JTHBE1BL0F1018832,Porsche,Cayenne,2004
4JGCB2FEXBA536047,Chevrolet,Cavalier,2000
19XFB4F2XDE368106,Chevrolet,Suburban 1500,1992
1G6AG1RX6F0013031,Isuzu,Trooper,2000
1FTEW1CW6AK453732,Ford,F-Series,1992
WBA3N7C53EF344406,Hummer,H1,1997
JTDZN3EU2E3938707,Chrysler,Town & Country,2010
JN1AZ4EH2CM999477,Acura,Integra,1993
WAUAVAFD0CN475982,Chevrolet,Silverado 1500,2000
WBA3R1C50EF963384,Pontiac,Firefly,1986
1D7RV1GP6AS580965,Plymouth,Grand Voyager,1994
KMHHT6KDXCU506795,Mitsubishi,GTO,1999
1GD02ZCG8DZ959294,Honda,Fit,2012
WA1LFAFP7CA521456,Toyota,Camry,1993
JTHCL5EF8F5196259,Mercedes-Benz,Sprinter 2500,2012
WAUKFBFL3CN456339,Suzuki,Equator,2009
SAJWA4EC0BM228157,Bentley,Mulsanne,2012
2FMPK4J9XFB982312,Dodge,Viper RT/10,1995
WAUHFAFL0DA231017,Volkswagen,GLI,2009
WAULC58E95A531259,Saturn,Sky,2007
19UUA66247A212576,Mercedes-Benz,S-Class,1998
WAUAC48H64K917139,Nissan,Maxima,2002
1G4GH5E34DF761829,Ford,F250,1992
SALAG2V60FA535463,Cadillac,Seville,2004
5N1AT2ML9FC900362,Mazda,Millenia,1995
5N1AA0NC0BN199296,Suzuki,Sidekick,1991
2HNYD28407H285096,MINI,Cooper,2002
19UUA8F59EA479280,Aston Martin,Vantage,2007
4T1BF1FK2EU420232,Infiniti,Q,2000
1FMEU5DE3AU088929,Nissan,280ZX,1979
WBANF33506C887892,Lincoln,LS,2006
WBAVA33557K596178,BMW,745,2004
JN1AZ4FH7FM630391,Spyker,C8 Spyder Wide Body,2004
WBABS53492J691280,Ford,Expedition EL,2008
1G4HR57Y36U258074,Mitsubishi,Diamante,2000
WBA6A0C51DD791178,Volvo,V70,2009
WAUPL68E55A785591,Lexus,ES,1996
3GYFNJE38DS824034,Chevrolet,Corvette,1964
WAUEG98E06A936562,Dodge,Ram 1500,2008
19UUA9E58CA582971,Volkswagen,Passat,1997
5J8TB4H5XEL692516,Volkswagen,New Beetle,2007
WBALL5C56EE105464,Porsche,Cayman,2007
WBA1F5C5XEV751752,Kia,Optima,2001
1FTEW1C82AK151002,Mitsubishi,Mirage,1988
WBXPC93557W182483,Toyota,Corolla,1993
JN1BJ0HR9FM305848,Buick,Roadmaster,1996
WBA3V5C56FP831731,Dodge,Ram,2011
WBA3D3C56EF711388,Ford,E150,2006
5N1AR2MM3DC603480,Dodge,Grand Caravan,2010
WAUMR94E99N284310,Lincoln,LS,2002
WBAKX6C52CC608908,Volkswagen,Passat,1999
3D7LP2ET7AG616692,Lexus,LX,2009
3D73Y4EL9BG769925,Subaru,Legacy,2005
JTEBU5JR4B5906810,Pontiac,Trans Sport,1999
1G6DG5E54C0580245,Toyota,Camry,2012
JTEBU4BF3BK955593,Hyundai,Equus,2013
JTHBE1D22F5729025,Mitsubishi,Montero,2002
1D7RV1GP2AS468664,Chevrolet,Corvette,1999
1G6AB5RA8F0739815,BMW,745,2004
WP0AA2A92AS272193,Kia,Sorento,2006
1G4GJ5G35DF277265,Cadillac,Eldorado,1999
5FRYD4H84EB537289,Pontiac,Grand Prix,1963
5N1AA0NCXEN641442,Volkswagen,Jetta,2010
WAUMR44E45N264592,Bentley,Arnage,2009
JA32X8HW8EU671197,Nissan,Altima,2001
3D7JB1ET9BG213749,Aston Martin,DBS,2009
ZFBCFAAH7EZ164616,Mercury,Grand Marquis,1994
SAJWA4EC0DM423694,GMC,Sierra 1500,1999
1FT7W2A6XEE088929,Mitsubishi,Pajero,1990
WAUJC58E93A296088,Nissan,Maxima,2001
2T1BURHE7FC617718,Jaguar,XK Series,1999
1D7RV1CP6BS509238,Saab,9000,1995
TRUUT28N431662804,Chrysler,Imperial,1993
19UYA42583A378180,Lexus,IS,2003
3LN6L2LU4FR486733,Pontiac,Bonneville,2002
WBA3D3C55FK784406,Oldsmobile,Cutlass,1997
3D73Y3CL1AG246989,Kia,Spectra5,2006
JM1NC2EF8A0234717,Buick,LeSabre,1989
1G4HP52K544479438,Ford,Taurus,1989
SCBDU3ZAXCC418008,Cadillac,Escalade ESV,2008
5YMGZ0C53E0781462,Dodge,Caravan,2001
5FNRL5H28BB959863,Ford,Focus,2003
2G4GL5EX9F9502671,Buick,LeSabre,1995
1G6AB5RXXE0411430,Ford,Escort,1989
5TDDK3DC9FS152253,Nissan,Titan,2012
JN1AY1AP6CM642138,Isuzu,Ascender,2009
WA1DGAFP2DA758634,Aston Martin,Vantage,2008
1LNHL9DR6CG615960,Oldsmobile,Intrigue,2002
KNDKG3A2XA7288141,Fiat,Nuova 500,2012
3VW4A7AT6DM335893,Honda,Accord,1995
1C4NJCBA2FD498181,BMW,X3,2006
WP0AA2A82CS614185,Nissan,Maxima,2005
3C6JD6CT9CG555778,Audi,A6,1995
1N6BF0KX7FN002676,Dodge,Ram 3500,2008
WA1VMAFEXDD547191,Mercedes-Benz,CLK-Class,2003
3FA6P0LU6FR786650,Kia,Sorento,2006
1FMCU0F75DU082577,Mitsubishi,Montero Sport,2004
WP1AE2A25EL791256,Chevrolet,Cobalt SS,2007
WAUDF58E85A141300,Audi,100,1989
3GYFNEEY0AS905589,Toyota,T100,1998
2D4RN5DG2BR633690,Mitsubishi,Starion,1984
WAUSH78E87A809791,Audi,4000s,1985
5N1BA0NE6FN303589,Lamborghini,Gallardo,2006
WAUUL98E88A685624,Dodge,Ram 3500,1996
WBA3B1C59DK015334,Dodge,Ram Van B250,1993
1G6DM1E32C0903952,Jeep,Liberty,2003
1GD022CG5CZ304709,Ford,Laser,1988
WBSWL93529P641113,Hummer,H2,2006
WBAWV53527P671684,Pontiac,G3,2010
JN1BJ0HR6DM033725,Nissan,Maxima,1993
1G6DJ8E34D0983127,Chevrolet,Venture,2002
1GYS4NKJ4FR683206,Ford,Econoline E150,1992
SCFAD01A25G082040,Volkswagen,Passat,1991
WBAHN83556D950850,Jeep,Liberty,2002
WAURFAFR3EA609230,MINI,MINI,2002
JH4DC54822C748996,GMC,Savana 3500,2004
1G4GH5E31CF424503,GMC,Sonoma Club Coupe,1998
1GYEE637290910520,Mercury,Cougar,1994
JTEBU5JR0B5850722,Toyota,Sienna,1998
5FRYD3H63EB636954,Jaguar,XJ Series,1999
1G4HR54K04U389637,Ford,Windstar,1996
3VWJX7AJ8AM860305,Pontiac,Bonneville,1966
5N1AR1NB7CC794813,Cadillac,Escalade,2004
3GYFNFE33ES282811,BMW,8 Series,1993
WBAPH7G5XBN654119,Chevrolet,Lumina,1998
WBAPH5C55BA739595,Acura,Integra,1994
JTEBU4BF6EK949257,Panoz,Esperante,2007
WAULT64B42N854981,Mitsubishi,Pajero,1996
3VW467ATXDM416168,GMC,Savana 3500,2009
WA1DMAFP3EA313023,Lexus,IS,2009
3D7LT2ET5AG457313,Hyundai,Elantra,2001
1G6DM5EY3B0880022,GMC,Yukon,1993
3VWKP7AJ7DM008312,Ford,Thunderbird,1997
3GYFNFEY5BS708473,Audi,5000S,1987
3D73Y4EL6BG535712,Buick,Estate,1989
JH4KB16318C146118,Pontiac,LeMans,1993
1G6AM5S37E0919954,Subaru,Brat,1986
5NPDH4AE5BH715261,Saab,900,1994
WAUNF78P56A199125,Ford,Econoline E250,1997
WBAUP73589V821048,Mazda,MX-5,2004
JTHKD5BH7B2531778,Lexus,LX,1996
WAUNF78P16A117147,Chrysler,New Yorker,1995
WBAUP9C55BV248448,Ford,Fiesta,2012
2HNYD18872H319086,Chevrolet,Malibu,2006
WBA3A5G51CN696509,Ford,Edge,2007
SCBEC9ZA6EC374487,Chevrolet,Avalanche 1500,2006
WP0CB2A85FS086507,GMC,Sierra 1500,2008
1B3BD2FB2BN134338,Toyota,4Runner,2007
WDDHF0EB8EB970658,Lincoln,Town Car,1987
YV1612FH3D1764273,Honda,Odyssey,2012
3VWKX7AJXCM225108,Chevrolet,Suburban 2500,2005
1GYS3CKJ5FR611213,Nissan,Altima,2000
5N1AN0NU3EN753142,GMC,Savana 3500,2002
1G6DT57V990557397,Mitsubishi,Outlander Sport,2011
2T1KE4EE4BC900172,Cadillac,Seville,2004
WBAWL7C58AP443570,Toyota,Tacoma,1995
WBAVB73527F810847,Porsche,911,2004
1G4HP52K754828150,Oldsmobile,Ciera,1993
1GD21ZCG5CZ696272,Ferrari,599 GTB Fiorano,2007
19UUA9E50CA677234,MINI,Cooper,2011
1GD120EG4BF389872,Aston Martin,V8 Vantage,2011
WVGAV7AXXCW048497,Mitsubishi,Eclipse,2003
19XFB4F26FE186924,Acura,RL,2000
WAUEFAFL9DA858706,Ford,Th!nk,2002
WBSWD9C51AP417929,Mercury,Grand Marquis,1995
1FTFW1E82AK669323,Subaru,Legacy,2000
WAUSG78E56A636975,Lexus,HS,2010
SALVP2BG3FH848044,Mazda,RX-7,1995
JH4NA12694T084655,Honda,Accord,2008
3VWJP7AT7CM987339,Mazda,Mazda6,2006
5N1AR1NB3CC185038,Lexus,GS,2005
5UXFF03599L191816,Lexus,LS,2010
1G6DB1ED5B0614318,Ford,Explorer,1995
WBAYA6C52DC480294,Dodge,Neon,1997
1FMJK1F54DE858144,Aptera,2e,2009
1G4GA5EC9BF251462,Nissan,Pathfinder,1999
SCBCC41NX9C403973,Land Rover,Range Rover,1986
KMHHT6KD0BU825962,Mitsubishi,Mirage,2000
SCBZB25E12C261403,Pontiac,Grand Prix,1973
3D73Y4CL3AG909050,Toyota,Sienna,2005
1FTWX3A57AE212722,BMW,3 Series,2011
WBA5B3C5XFD176836,Acura,Integra,1999
WAU4GAFBXAN036212,Chevrolet,Cobalt,2005
1G6DH8EY3B0802412,Nissan,200SX,1995
WBAKB8C51AC048435,Lotus,Exige,2007
WBAWL7C54AP723342,Mercury,Lynx,1987
WBAUU3C50AA558163,Volkswagen,GLI,2008
WAUEFAFL7CN494194,Chrysler,Crossfire,2005
3D7TP2CT4BG649900,Mercedes-Benz,S-Class,1999
WAUEF98E17A549538,Suzuki,Equator,2011
1N6AA0CC2AN871345,Lexus,ES,1992
WBAYA8C55FD528136,Pontiac,G6,2009
1GD22ZCG3CZ112013,Honda,Accord,2001
1FTWX3A50AE145266,Chevrolet,Impala,2000
JN8AF5MR7DT429122,Nissan,Pathfinder,1995
WAUGFAFR3AA645968,Acura,SLX,1999
WBAPH77509N990260,Acura,MDX,2010
3VW4A7AT0DM678084,GMC,Vandura 3500,1993
2G4WS52J221376533,Nissan,Frontier,2003
1FTMF1C87AK840156,Ford,Bronco,1992
JM1GJ1T61E1867328,Volkswagen,Jetta,2007
WAUDL64FX5N439885,Saab,900,1992
1GD02ZCG4DZ636909,Toyota,Land Cruiser,2006
WAUMFAFRXFA953410,Chevrolet,Suburban 1500,2009
3C3CFFAR4FT595804,Mercury,Mountaineer,2008
WBALL5C52FP929774,Dodge,Viper,2005
JM1NC2JF3E0577446,Chevrolet,S10,1997
WA1CMBFP0EA103514,Honda,Odyssey,2006
1GTN1TEX2CZ087216,Toyota,Highlander Hybrid,2007
1G6AP5SX1E0984289,Ford,E250,2005
2C3CDXGJ4DH866539,Mercedes-Benz,S-Class,2001
5J6TF2H55DL402618,Chevrolet,Avalanche 1500,2004
1G6DK8EY4B0129485,Mazda,Mazdaspeed 3,2007
WAUKF98E45A463141,Mercedes-Benz,S-Class,1996
3GYFK22269G321154,Mazda,MX-5,2008
JH4DC54802C677801,Ford,Explorer,1994
5UXFB33532L526488,Chevrolet,Silverado 3500,2007
WP0AA2A95CS086439,Mitsubishi,Truck,1991
KNAGM4ADXC5446625,Mercury,Mountaineer,2010
WBAWL13517P225928,Plymouth,Neon,1999
